Workbook

Sheet Dashboard
A1: H | B1: HYBRIDFUELCO | I1: PROGRESS TRACKER | N1: =IFERROR(LOOKUP(2,1/(Weight!$B$4:$B$30<>""),Weight!$B$4:$B$30),"") -> 87
N2: =IFERROR(LOOKUP(2,1/(Weight!$C$4:$C$30<>""),Weight!$C$4:$C$30),"") -> -0.2
N3: =IF(AND(N1<>"",N2<>""),N2/N1,"") -> -0.0022988506
A4: Current weight | D4: Last change | G4: Status | J4: Today
A5: =N1 -> 87 | D5: =N2 -> -0.2 | G5: =IF(N3="","",IF(N3<-0.01,"! Too fast",IF(N3<-0.003,"✓ On track",IF(N3<=0.003,"– Stable",IF(N3<=0.01,"✓ On track","! Too fast"))))) -> – Stable | J5: =SUMIFS('Meal plan'!$E$4:$E$31,'Meal plan'!$A$4:$A$31,$K$8) -> 1940
A8: Weight trend | G8: Today — meals | K8: Sat
G9: ✓ | H9: Breakfast | I9: =IFERROR(INDEX('Meal plan'!$C$4:$C$31,MATCH($K$8&"|"&"Breakfast",'Meal plan'!$I$4:$I$31,0)),"") -> High-protein pancakes | L9: =IFERROR(INDEX('Meal plan'!$E$4:$E$31,MATCH($K$8&"|"&"Breakfast",'Meal plan'!$I$4:$I$31,0)),"") -> 480
G10: ✓ | H10: Lunch | I10: =IFERROR(INDEX('Meal plan'!$C$4:$C$31,MATCH($K$8&"|"&"Lunch",'Meal plan'!$I$4:$I$31,0)),"") -> Beef & avocado bowl | L10: =IFERROR(INDEX('Meal plan'!$E$4:$E$31,MATCH($K$8&"|"&"Lunch",'Meal plan'!$I$4:$I$31,0)),"") -> 600
H11: Dinner | I11: =IFERROR(INDEX('Meal plan'!$C$4:$C$31,MATCH($K$8&"|"&"Dinner",'Meal plan'!$I$4:$I$31,0)),"") -> Chicken & sweet potato | L11: =IFERROR(INDEX('Meal plan'!$E$4:$E$31,MATCH($K$8&"|"&"Dinner",'Meal plan'!$I$4:$I$31,0)),"") -> 620
H12: Snack | I12: =IFERROR(INDEX('Meal plan'!$C$4:$C$31,MATCH($K$8&"|"&"Snack",'Meal plan'!$I$4:$I$31,0)),"") -> Skyr with honey | L12: =IFERROR(INDEX('Meal plan'!$E$4:$E$31,MATCH($K$8&"|"&"Snack",'Meal plan'!$I$4:$I$31,0)),"") -> 240
G13: Day total | J13: =SUMIFS('Meal plan'!$E$4:$E$31,'Meal plan'!$A$4:$A$31,$K$8) -> 1940
A16: =IF(N3="","Responsible pace — ~0.5–1% per week. This protects muscle and recovery.",IF(OR(N3<-0.01,N3>0.01),"You're changing faster than 1% per week. Adjust your calories a bit.",IF(N3>-0.003,"Little change. Be patient, or adjust your calories slightly.","Responsible pace — ~0.5–1% per week. This protects muscle and recovery."))) -> Little change. Be patient, or adjust your calories slightly.
A18: Daily macros — selected day
A19: Protein | E19: Carbs | I19: Fat
A20: =SUMIFS('Meal plan'!$F$4:$F$31,'Meal plan'!$A$4:$A$31,$K$8) -> 155 | E20: =SUMIFS('Meal plan'!$G$4:$G$31,'Meal plan'!$A$4:$A$31,$K$8) -> 150 | I20: =SUMIFS('Meal plan'!$H$4:$H$31,'Meal plan'!$A$4:$A$31,$K$8) -> 56

Sheet Meal plan
A1: MEAL PLAN
A2: Replace this example week with your own plan from the app. The dashboard reads 'Today' from here.
A3: Day | B3: Type | C3: Dish | D3: Ingredients | E3: kcal | F3: Protein (g) | G3: Carbs (g) | H3: Fat (g) | I3: key
A4: Mon | B4: Breakfast | C4: Savoury oats with egg | D4: 60g oats, 2 eggs, 100g spinach | E4: 640 | F4: 30 | G4: 82 | H4: 18 | I4: =$A4&"|"&$B4 -> Mon|Breakfast
A5: Mon | B5: Lunch | C5: Chicken & rice bowl | D5: 150g chicken, 70g rice, 150g veg | E5: 560 | F5: 48 | G5: 55 | H5: 12 | I5: =$A5&"|"&$B5 -> Mon|Lunch
A6: Mon | B6: Dinner | C6: Lean mince pasta | D6: 130g mince, 70g pasta, tomato sauce | E6: 720 | F6: 42 | G6: 92 | H6: 16 | I6: =$A6&"|"&$B6 -> Mon|Dinner
A7: Mon | B7: Snack | C7: Quark with nuts | D7: 200g quark, 20g nuts | E7: 300 | F7: 28 | G7: 10 | H7: 14 | I7: =$A7&"|"&$B7 -> Mon|Snack
A8: Tue | B8: Breakfast | C8: Quark with oats & berries | D8: 250g quark, 40g oats, 100g berries | E8: 430 | F8: 42 | G8: 45 | H8: 6 | I8: =$A8&"|"&$B8 -> Tue|Breakfast
A9: Tue | B9: Lunch | C9: Tuna wrap | D9: 1 wrap, 100g tuna, 50g corn | E9: 470 | F9: 38 | G9: 48 | H9: 10 | I9: =$A9&"|"&$B9 -> Tue|Lunch
A10: Tue | B10: Dinner | C10: Salmon with quinoa | D10: 125g salmon, 60g quinoa, 100g broccoli | E10: 640 | F10: 40 | G10: 45 | H10: 26 | I10: =$A10&"|"&$B10 -> Tue|Dinner
A11: Tue | B11: Snack | C11: Protein bar & fruit | D11: 1 bar, 1 apple | E11: 280 | F11: 20 | G11: 32 | H11: 7 | I11: =$A11&"|"&$B11 -> Tue|Snack
A12: Wed | B12: Breakfast | C12: High-protein pancakes | D12: 50g oat flour, 30g whey, 1 egg | E12: 600 | F12: 38 | G12: 76 | H12: 10 | I12: =$A12&"|"&$B12 -> Wed|Breakfast
A13: Wed | B13: Lunch | C13: Beef & avocado bowl | D13: 150g lean beef, 80g avocado, 80g greens | E13: 600 | F13: 45 | G13: 22 | H13: 30 | I13: =$A13&"|"&$B13 -> Wed|Lunch
A14: Wed | B14: Dinner | C14: Chicken & sweet potato | D14: 160g chicken, 200g sweet potato, 150g veg | E14: 740 | F14: 50 | G14: 88 | H14: 14 | I14: =$A14&"|"&$B14 -> Wed|Dinner
A15: Wed | B15: Snack | C15: Skyr with honey | D15: 200g skyr, 15g honey | E15: 240 | F15: 22 | G15: 24 | H15: 2 | I15: =$A15&"|"&$B15 -> Wed|Snack
... A31: Sun | B31: Snack | C31: Quark with nuts | D31: 200g quark, 20g nuts | E31: 300 | F31: 28 | G31: 10 | H31: 14 | I31: =$A31&"|"&$B31 -> Sun|Snack

Sheet Weight
A1: WEIGHT & PROGRESS
A2: Weigh in once a week at a fixed time. Enter date + weight; the chart and dashboard update automatically.
A3: Date | B3: Weight (kg) | C3: Change (kg) | D3: Note
A4: 46271 | B4: 88.6
A5: 46278 | B5: 88.2 | C5: =IF(AND(B5<>"",B4<>""),B5-B4,"") -> -0.4
A6: 46285 | B6: 88.4 | C6: =IF(AND(B6<>"",B5<>""),B6-B5,"") -> 0.2
A7: 46292 | B7: 87.9 | C7: =IF(AND(B7<>"",B6<>""),B7-B6,"") -> -0.5
A8: 46299 | B8: 87.6 | C8: =IF(AND(B8<>"",B7<>""),B8-B7,"") -> -0.3
A9: 46306 | B9: 87.7 | C9: =IF(AND(B9<>"",B8<>""),B9-B8,"") -> 0.1
A10: 46313 | B10: 87.2 | C10: =IF(AND(B10<>"",B9<>""),B10-B9,"") -> -0.5
A11: 46320 | B11: 87 | C11: =IF(AND(B11<>"",B10<>""),B11-B10,"") -> -0.2
C12: =IF(AND(B12<>"",B11<>""),B12-B11,"")
C13: =IF(AND(B13<>"",B12<>""),B13-B12,"")
C14: =IF(AND(B14<>"",B13<>""),B14-B13,"")
C15: =IF(AND(B15<>"",B14<>""),B15-B14,"")
C16: =IF(AND(B16<>"",B15<>""),B16-B15,"")
C17: =IF(AND(B17<>"",B16<>""),B17-B16,"")
C18: =IF(AND(B18<>"",B17<>""),B18-B17,"")
C19: =IF(AND(B19<>"",B18<>""),B19-B18,"")
C20: =IF(AND(B20<>"",B19<>""),B20-B19,"")
C21: =IF(AND(B21<>"",B20<>""),B21-B20,"")
C22: =IF(AND(B22<>"",B21<>""),B22-B21,"")
C23: =IF(AND(B23<>"",B22<>""),B23-B22,"")
... C30: =IF(AND(B30<>"",B29<>""),B30-B29,"")

Sheet Shopping
A1: SHOPPING LIST
A2: Your weekly list, by category. Tick what you already have.
A3: Category | B3: Item | C3: Quantity | D3: Got it?
A4: Produce | B4: Spinach 500g
A5: Produce | B5: Broccoli 400g
A6: Produce | B6: Apples 7
A7: Produce | B7: Berries 300g
A8: Protein | B8: Chicken 1kg
A9: Protein | B9: Lean beef 500g
A10: Protein | B10: Salmon 400g
A11: Dairy | B11: Low-fat quark 1kg
A12: Dairy | B12: Skyr 500g
A13: Dairy | B13: Eggs 12
A14: Grains | B14: Oats 500g
A15: Grains | B15: Rice 500g
A16: Grains | B16: Pasta 500g
